{
  "apiVersion": "serving.knative.dev/v1",
  "kind": "Service",
  "metadata": {
    "annotations": {
      "run.googleapis.com/client-name": "cloud-console",
      "run.googleapis.com/ingress": "all",
      "run.googleapis.com/ingress-status": "all",
      "run.googleapis.com/operation-id": "e57a3553-9787-472e-b7cb-cb51c1a0e8bd",
      "run.googleapis.com/urls": "[\"https://author-prod-769594606898.us-central1.run.app\",\"https://author-prod-wwlo4ssava-uc.a.run.app\"]",
      "serving.knative.dev/creator": "api-khoros-playvox@spotify.com",
      "serving.knative.dev/lastModifier": "api-khoros-playvox@spotify.com"
    },
    "creationTimestamp": "2023-07-14T12:39:56.504429Z",
    "generation": 10,
    "labels": {
      "cloud.googleapis.com/location": "us-central1"
    },
    "name": "author-prod",
    "namespace": "769594606898",
    "resourceVersion": "AAYDqAPSy+M",
    "selfLink": "/apis/serving.knative.dev/v1/namespaces/769594606898/services/author-prod",
    "uid": "90f49969-739d-4454-b30e-ce5ca9ce02ca"
  },
  "spec": {
    "template": {
      "metadata": {
        "annotations": {
          "autoscaling.knative.dev/maxScale": "100",
          "run.googleapis.com/client-name": "cloud-console",
          "run.googleapis.com/cloudsql-instances": "sgs-playvox:us-central1:khoros-playvox-prod"
        },
        "labels": {
          "client.knative.dev/nonce": "e7075792-f661-4015-bce4-70684def948e",
          "run.googleapis.com/startupProbeType": "Default"
        }
      },
      "spec": {
        "containerConcurrency": 80,
        "containers": [
          {
            "env": [
              {
                "name": "SPRING_PROFILES_ACTIVE",
                "value": "prod"
              }
            ],
            "image": "gcr.io/sgs-playvox/github.com/khorospv/author@sha256:24a859046dc81bf859cbd54b1c3769bf07b49140891a12046b6329072de2cebb",
            "ports": [
              {
                "containerPort": 8080,
                "name": "http1"
              }
            ],
            "resources": {
              "limits": {
                "cpu": "2000m",
                "memory": "4Gi"
              }
            },
            "startupProbe": {
              "failureThreshold": 1,
              "periodSeconds": 240,
              "tcpSocket": {
                "port": 8080
              },
              "timeoutSeconds": 240
            }
          }
        ],
        "serviceAccountName": "sgs-playvox-cloudrun@sgs-playvox.iam.gserviceaccount.com",
        "timeoutSeconds": 1200
      }
    },
    "traffic": [
      {
        "latestRevision": true,
        "percent": 100
      }
    ]
  },
  "status": {
    "address": {
      "url": "https://author-prod-wwlo4ssava-uc.a.run.app"
    },
    "conditions": [
      {
        "lastTransitionTime": "2023-08-24T09:40:13.704490Z",
        "status": "True",
        "type": "Ready"
      },
      {
        "lastTransitionTime": "2023-08-24T09:39:49.858617Z",
        "status": "True",
        "type": "ConfigurationsReady"
      },
      {
        "lastTransitionTime": "2023-08-24T09:40:13.799395Z",
        "status": "True",
        "type": "RoutesReady"
      }
    ],
    "latestCreatedRevisionName": "author-prod-00010-9t2",
    "latestReadyRevisionName": "author-prod-00010-9t2",
    "observedGeneration": 10,
    "traffic": [
      {
        "latestRevision": true,
        "percent": 100,
        "revisionName": "author-prod-00010-9t2"
      }
    ],
    "url": "https://author-prod-wwlo4ssava-uc.a.run.app"
  }
}
