{
  "apiVersion": "serving.knative.dev/v1",
  "kind": "Service",
  "metadata": {
    "annotations": {
      "run.googleapis.com/client-name": "cloud-console",
      "run.googleapis.com/ingress": "all",
      "run.googleapis.com/ingress-status": "all",
      "run.googleapis.com/operation-id": "b139b42f-ac93-4406-9686-93559c84eb77",
      "run.googleapis.com/urls": "[\"https://monitor-service-769594606898.us-central1.run.app\",\"https://monitor-service-wwlo4ssava-uc.a.run.app\"]",
      "serving.knative.dev/creator": "api-khoros-playvox@spotify.com",
      "serving.knative.dev/lastModifier": "api-khoros-playvox@spotify.com"
    },
    "creationTimestamp": "2023-07-28T11:50:24.684904Z",
    "generation": 3,
    "labels": {
      "cloud.googleapis.com/location": "us-central1"
    },
    "name": "monitor-service",
    "namespace": "769594606898",
    "resourceVersion": "AAYC3vsqsYM",
    "selfLink": "/apis/serving.knative.dev/v1/namespaces/769594606898/services/monitor-service",
    "uid": "ea03d244-7a39-48eb-ad76-0c1c2975d326"
  },
  "spec": {
    "template": {
      "metadata": {
        "annotations": {
          "autoscaling.knative.dev/maxScale": "100",
          "run.googleapis.com/client-name": "cloud-console",
          "run.googleapis.com/cloudsql-instances": "sgs-playvox:us-central1:khoros-playvox-prod"
        },
        "labels": {
          "client.knative.dev/nonce": "aefc51ed-aa10-4867-96a8-6dd43c14400c",
          "run.googleapis.com/startupProbeType": "Default"
        }
      },
      "spec": {
        "containerConcurrency": 80,
        "containers": [
          {
            "env": [
              {
                "name": "SPRING_PROFILES_ACTIVE",
                "value": "prod"
              }
            ],
            "image": "gcr.io/sgs-playvox/github.com/khorospv/monitor@sha256:117d5b1cf523f707606b561ab97705c25901f5f967beae9f25ec5674c8e495c1",
            "ports": [
              {
                "containerPort": 8092,
                "name": "http1"
              }
            ],
            "resources": {
              "limits": {
                "cpu": "2000m",
                "memory": "4Gi"
              }
            },
            "startupProbe": {
              "failureThreshold": 1,
              "periodSeconds": 240,
              "tcpSocket": {
                "port": 8092
              },
              "timeoutSeconds": 240
            }
          }
        ],
        "serviceAccountName": "sgs-playvox-cloudrun@sgs-playvox.iam.gserviceaccount.com",
        "timeoutSeconds": 300
      }
    },
    "traffic": [
      {
        "latestRevision": true,
        "percent": 100
      }
    ]
  },
  "status": {
    "address": {
      "url": "https://monitor-service-wwlo4ssava-uc.a.run.app"
    },
    "conditions": [
      {
        "lastTransitionTime": "2023-08-14T09:49:40.026205Z",
        "status": "True",
        "type": "Ready"
      },
      {
        "lastTransitionTime": "2023-08-14T09:49:14.666452Z",
        "status": "True",
        "type": "ConfigurationsReady"
      },
      {
        "lastTransitionTime": "2023-08-14T09:49:40.138371Z",
        "status": "True",
        "type": "RoutesReady"
      }
    ],
    "latestCreatedRevisionName": "monitor-service-00003-jq9",
    "latestReadyRevisionName": "monitor-service-00003-jq9",
    "observedGeneration": 3,
    "traffic": [
      {
        "latestRevision": true,
        "percent": 100,
        "revisionName": "monitor-service-00003-jq9"
      }
    ],
    "url": "https://monitor-service-wwlo4ssava-uc.a.run.app"
  }
}
