{
  "apiVersion": "serving.knative.dev/v1",
  "kind": "Service",
  "metadata": {
    "annotations": {
      "run.googleapis.com/client-name": "cloud-console",
      "run.googleapis.com/ingress": "all",
      "run.googleapis.com/ingress-status": "all",
      "run.googleapis.com/operation-id": "3606b0f5-45a8-48e7-858c-66bb0c8cd1ea",
      "run.googleapis.com/urls": "[\"https://table-clean-up-769594606898.us-central1.run.app\",\"https://table-clean-up-wwlo4ssava-uc.a.run.app\"]",
      "serving.knative.dev/creator": "api-khoros-playvox@spotify.com",
      "serving.knative.dev/lastModifier": "api-khoros-playvox@spotify.com"
    },
    "creationTimestamp": "2023-08-24T06:49:43.420296Z",
    "generation": 2,
    "labels": {
      "cloud.googleapis.com/location": "us-central1"
    },
    "name": "table-clean-up",
    "namespace": "769594606898",
    "resourceVersion": "AAYEHvHB2F4",
    "selfLink": "/apis/serving.knative.dev/v1/namespaces/769594606898/services/table-clean-up",
    "uid": "9387e001-3598-4755-84f4-700927ce7f5c"
  },
  "spec": {
    "template": {
      "metadata": {
        "annotations": {
          "autoscaling.knative.dev/maxScale": "100",
          "run.googleapis.com/client-name": "cloud-console",
          "run.googleapis.com/cloudsql-instances": "sgs-playvox:us-central1:khoros-playvox-prod"
        },
        "labels": {
          "client.knative.dev/nonce": "d77d4307-722e-4ad2-b66d-38a3ac6247ef",
          "run.googleapis.com/startupProbeType": "Default"
        }
      },
      "spec": {
        "containerConcurrency": 80,
        "containers": [
          {
            "env": [
              {
                "name": "SPRING_PROFILES_ACTIVE",
                "value": "prod"
              }
            ],
            "image": "gcr.io/sgs-playvox/tabledeletion@sha256:192995eeca2883382cab231563692a1c9333eac399404463dde1dda08a01a894",
            "ports": [
              {
                "containerPort": 8094,
                "name": "http1"
              }
            ],
            "resources": {
              "limits": {
                "cpu": "1000m",
                "memory": "1Gi"
              }
            },
            "startupProbe": {
              "failureThreshold": 1,
              "periodSeconds": 240,
              "tcpSocket": {
                "port": 8094
              },
              "timeoutSeconds": 240
            }
          }
        ],
        "serviceAccountName": "sgs-playvox-cloudrun@sgs-playvox.iam.gserviceaccount.com",
        "timeoutSeconds": 300
      }
    },
    "traffic": [
      {
        "latestRevision": true,
        "percent": 100
      }
    ]
  },
  "status": {
    "address": {
      "url": "https://table-clean-up-wwlo4ssava-uc.a.run.app"
    },
    "conditions": [
      {
        "lastTransitionTime": "2023-08-30T07:33:31.425060Z",
        "status": "True",
        "type": "Ready"
      },
      {
        "lastTransitionTime": "2023-08-30T07:33:02.205331Z",
        "status": "True",
        "type": "ConfigurationsReady"
      },
      {
        "lastTransitionTime": "2023-08-30T07:33:31.806814Z",
        "status": "True",
        "type": "RoutesReady"
      }
    ],
    "latestCreatedRevisionName": "table-clean-up-00002-9bz",
    "latestReadyRevisionName": "table-clean-up-00002-9bz",
    "observedGeneration": 2,
    "traffic": [
      {
        "latestRevision": true,
        "percent": 100,
        "revisionName": "table-clean-up-00002-9bz"
      }
    ],
    "url": "https://table-clean-up-wwlo4ssava-uc.a.run.app"
  }
}
