[
  {
    "creationTimestamp": "2023-06-26T09:39:16.282-07:00",
    "fingerprint": "PjFm5-QdHTI=",
    "gatewayAddress": "10.128.0.1",
    "id": "7852638759378223579",
    "ipCidrRange": "10.128.0.0/20",
    "kind": "compute#subnetwork",
    "name": "default",
    "network": "https://www.googleapis.com/compute/v1/projects/sgs-playvox/global/networks/default",
    "privateIpGoogleAccess": false,
    "privateIpv6GoogleAccess": "DISABLE_GOOGLE_ACCESS",
    "purpose": "PRIVATE",
    "region": "https://www.googleapis.com/compute/v1/projects/sgs-playvox/regions/us-central1",
    "selfLink": "https://www.googleapis.com/compute/v1/projects/sgs-playvox/regions/us-central1/subnetworks/default",
    "stackType": "IPV4_ONLY"
  },
  {
    "creationTimestamp": "2023-06-26T09:39:16.443-07:00",
    "fingerprint": "YoE4M2z6ClA=",
    "gatewayAddress": "10.132.0.1",
    "id": "8705819830746612187",
    "ipCidrRange": "10.132.0.0/20",
    "kind": "compute#subnetwork",
    "name": "default",
    "network": "https://www.googleapis.com/compute/v1/projects/sgs-playvox/global/networks/default",
    "privateIpGoogleAccess": false,
    "privateIpv6GoogleAccess": "DISABLE_GOOGLE_ACCESS",
    "purpose": "PRIVATE",
    "region": "https://www.googleapis.com/compute/v1/projects/sgs-playvox/regions/europe-west1",
    "selfLink": "https://www.googleapis.com/compute/v1/projects/sgs-playvox/regions/europe-west1/subnetworks/default",
    "stackType": "IPV4_ONLY"
  },
  {
    "creationTimestamp": "2023-06-26T09:39:16.734-07:00",
    "fingerprint": "b5NkvArBpL0=",
    "gatewayAddress": "10.138.0.1",
    "id": "7100216869154718171",
    "ipCidrRange": "10.138.0.0/20",
    "kind": "compute#subnetwork",
    "name": "default",
    "network": "https://www.googleapis.com/compute/v1/projects/sgs-playvox/global/networks/default",
    "privateIpGoogleAccess": false,
    "privateIpv6GoogleAccess": "DISABLE_GOOGLE_ACCESS",
    "purpose": "PRIVATE",
    "region": "https://www.googleapis.com/compute/v1/projects/sgs-playvox/regions/us-west1",
    "selfLink": "https://www.googleapis.com/compute/v1/projects/sgs-playvox/regions/us-west1/subnetworks/default",
    "stackType": "IPV4_ONLY"
  },
  {
    "creationTimestamp": "2023-06-26T09:39:17.426-07:00",
    "fingerprint": "9X97tlLN7Go=",
    "gatewayAddress": "10.140.0.1",
    "id": "5804159931526676954",
    "ipCidrRange": "10.140.0.0/20",
    "kind": "compute#subnetwork",
    "name": "default",
    "network": "https://www.googleapis.com/compute/v1/projects/sgs-playvox/global/networks/default",
    "privateIpGoogleAccess": false,
    "privateIpv6GoogleAccess": "DISABLE_GOOGLE_ACCESS",
    "purpose": "PRIVATE",
    "region": "https://www.googleapis.com/compute/v1/projects/sgs-playvox/regions/asia-east1",
    "selfLink": "https://www.googleapis.com/compute/v1/projects/sgs-playvox/regions/asia-east1/subnetworks/default",
    "stackType": "IPV4_ONLY"
  },
  {
    "creationTimestamp": "2023-06-26T09:39:16.489-07:00",
    "fingerprint": "-Tyb80TKuZM=",
    "gatewayAddress": "10.142.0.1",
    "id": "310878016705397211",
    "ipCidrRange": "10.142.0.0/20",
    "kind": "compute#subnetwork",
    "name": "default",
    "network": "https://www.googleapis.com/compute/v1/projects/sgs-playvox/global/networks/default",
    "privateIpGoogleAccess": false,
    "privateIpv6GoogleAccess": "DISABLE_GOOGLE_ACCESS",
    "purpose": "PRIVATE",
    "region": "https://www.googleapis.com/compute/v1/projects/sgs-playvox/regions/us-east1",
    "selfLink": "https://www.googleapis.com/compute/v1/projects/sgs-playvox/regions/us-east1/subnetworks/default",
    "stackType": "IPV4_ONLY"
  },
  {
    "creationTimestamp": "2023-06-26T09:39:17.279-07:00",
    "fingerprint": "f3se9U_idVU=",
    "gatewayAddress": "10.146.0.1",
    "id": "4178690010296615386",
    "ipCidrRange": "10.146.0.0/20",
    "kind": "compute#subnetwork",
    "name": "default",
    "network": "https://www.googleapis.com/compute/v1/projects/sgs-playvox/global/networks/default",
    "privateIpGoogleAccess": false,
    "privateIpv6GoogleAccess": "DISABLE_GOOGLE_ACCESS",
    "purpose": "PRIVATE",
    "region": "https://www.googleapis.com/compute/v1/projects/sgs-playvox/regions/asia-northeast1",
    "selfLink": "https://www.googleapis.com/compute/v1/projects/sgs-playvox/regions/asia-northeast1/subnetworks/default",
    "stackType": "IPV4_ONLY"
  },
  {
    "creationTimestamp": "2023-06-26T09:39:17.997-07:00",
    "fingerprint": "PBF7uZ0aF10=",
    "gatewayAddress": "10.148.0.1",
    "id": "8900399355542110682",
    "ipCidrRange": "10.148.0.0/20",
    "kind": "compute#subnetwork",
    "name": "default",
    "network": "https://www.googleapis.com/compute/v1/projects/sgs-playvox/global/networks/default",
    "privateIpGoogleAccess": false,
    "privateIpv6GoogleAccess": "DISABLE_GOOGLE_ACCESS",
    "purpose": "PRIVATE",
    "region": "https://www.googleapis.com/compute/v1/projects/sgs-playvox/regions/asia-southeast1",
    "selfLink": "https://www.googleapis.com/compute/v1/projects/sgs-playvox/regions/asia-southeast1/subnetworks/default",
    "stackType": "IPV4_ONLY"
  },
  {
    "creationTimestamp": "2023-06-26T09:39:16.560-07:00",
    "fingerprint": "vWcf98Pv3Qc=",
    "gatewayAddress": "10.150.0.1",
    "id": "6866234322248270299",
    "ipCidrRange": "10.150.0.0/20",
    "kind": "compute#subnetwork",
    "name": "default",
    "network": "https://www.googleapis.com/compute/v1/projects/sgs-playvox/global/networks/default",
    "privateIpGoogleAccess": false,
    "privateIpv6GoogleAccess": "DISABLE_GOOGLE_ACCESS",
    "purpose": "PRIVATE",
    "region": "https://www.googleapis.com/compute/v1/projects/sgs-playvox/regions/us-east4",
    "selfLink": "https://www.googleapis.com/compute/v1/projects/sgs-playvox/regions/us-east4/subnetworks/default",
    "stackType": "IPV4_ONLY"
  },
  {
    "creationTimestamp": "2023-06-26T09:39:18.469-07:00",
    "fingerprint": "L1Ewt9ozjow=",
    "gatewayAddress": "10.152.0.1",
    "id": "4739004073568895449",
    "ipCidrRange": "10.152.0.0/20",
    "kind": "compute#subnetwork",
    "name": "default",
    "network": "https://www.googleapis.com/compute/v1/projects/sgs-playvox/global/networks/default",
    "privateIpGoogleAccess": false,
    "privateIpv6GoogleAccess": "DISABLE_GOOGLE_ACCESS",
    "purpose": "PRIVATE",
    "region": "https://www.googleapis.com/compute/v1/projects/sgs-playvox/regions/australia-southeast1",
    "selfLink": "https://www.googleapis.com/compute/v1/projects/sgs-playvox/regions/australia-southeast1/subnetworks/default",
    "stackType": "IPV4_ONLY"
  },
  {
    "creationTimestamp": "2023-06-26T09:39:16.944-07:00",
    "fingerprint": "_a7RpR0qFgg=",
    "gatewayAddress": "10.154.0.1",
    "id": "6480601054260232667",
    "ipCidrRange": "10.154.0.0/20",
    "kind": "compute#subnetwork",
    "name": "default",
    "network": "https://www.googleapis.com/compute/v1/projects/sgs-playvox/global/networks/default",
    "privateIpGoogleAccess": false,
    "privateIpv6GoogleAccess": "DISABLE_GOOGLE_ACCESS",
    "purpose": "PRIVATE",
    "region": "https://www.googleapis.com/compute/v1/projects/sgs-playvox/regions/europe-west2",
    "selfLink": "https://www.googleapis.com/compute/v1/projects/sgs-playvox/regions/europe-west2/subnetworks/default",
    "stackType": "IPV4_ONLY"
  },
  {
    "creationTimestamp": "2023-06-26T09:39:17.055-07:00",
    "fingerprint": "2EiUBX8menI=",
    "gatewayAddress": "10.156.0.1",
    "id": "4047784595435028954",
    "ipCidrRange": "10.156.0.0/20",
    "kind": "compute#subnetwork",
    "name": "default",
    "network": "https://www.googleapis.com/compute/v1/projects/sgs-playvox/global/networks/default",
    "privateIpGoogleAccess": false,
    "privateIpv6GoogleAccess": "DISABLE_GOOGLE_ACCESS",
    "purpose": "PRIVATE",
    "region": "https://www.googleapis.com/compute/v1/projects/sgs-playvox/regions/europe-west3",
    "selfLink": "https://www.googleapis.com/compute/v1/projects/sgs-playvox/regions/europe-west3/subnetworks/default",
    "stackType": "IPV4_ONLY"
  },
  {
    "creationTimestamp": "2023-06-26T09:39:17.848-07:00",
    "fingerprint": "vuRdtCHvZ0c=",
    "gatewayAddress": "10.158.0.1",
    "id": "5188025982194549210",
    "ipCidrRange": "10.158.0.0/20",
    "kind": "compute#subnetwork",
    "name": "default",
    "network": "https://www.googleapis.com/compute/v1/projects/sgs-playvox/global/networks/default",
    "privateIpGoogleAccess": false,
    "privateIpv6GoogleAccess": "DISABLE_GOOGLE_ACCESS",
    "purpose": "PRIVATE",
    "region": "https://www.googleapis.com/compute/v1/projects/sgs-playvox/regions/southamerica-east1",
    "selfLink": "https://www.googleapis.com/compute/v1/projects/sgs-playvox/regions/southamerica-east1/subnetworks/default",
    "stackType": "IPV4_ONLY"
  },
  {
    "creationTimestamp": "2023-06-26T09:39:18.546-07:00",
    "fingerprint": "IpnQXgDg8YE=",
    "gatewayAddress": "10.160.0.1",
    "id": "190089977130123737",
    "ipCidrRange": "10.160.0.0/20",
    "kind": "compute#subnetwork",
    "name": "default",
    "network": "https://www.googleapis.com/compute/v1/projects/sgs-playvox/global/networks/default",
    "privateIpGoogleAccess": false,
    "privateIpv6GoogleAccess": "DISABLE_GOOGLE_ACCESS",
    "purpose": "PRIVATE",
    "region": "https://www.googleapis.com/compute/v1/projects/sgs-playvox/regions/asia-south1",
    "selfLink": "https://www.googleapis.com/compute/v1/projects/sgs-playvox/regions/asia-south1/subnetworks/default",
    "stackType": "IPV4_ONLY"
  },
  {
    "creationTimestamp": "2023-06-26T09:39:16.738-07:00",
    "fingerprint": "taf3kbSVTRg=",
    "gatewayAddress": "10.162.0.1",
    "id": "3099007409007624667",
    "ipCidrRange": "10.162.0.0/20",
    "kind": "compute#subnetwork",
    "name": "default",
    "network": "https://www.googleapis.com/compute/v1/projects/sgs-playvox/global/networks/default",
    "privateIpGoogleAccess": false,
    "privateIpv6GoogleAccess": "DISABLE_GOOGLE_ACCESS",
    "purpose": "PRIVATE",
    "region": "https://www.googleapis.com/compute/v1/projects/sgs-playvox/regions/northamerica-northeast1",
    "selfLink": "https://www.googleapis.com/compute/v1/projects/sgs-playvox/regions/northamerica-northeast1/subnetworks/default",
    "stackType": "IPV4_ONLY"
  },
  {
    "creationTimestamp": "2023-06-26T09:39:17.124-07:00",
    "fingerprint": "euQOYQgZAZY=",
    "gatewayAddress": "10.164.0.1",
    "id": "3123904114651824602",
    "ipCidrRange": "10.164.0.0/20",
    "kind": "compute#subnetwork",
    "name": "default",
    "network": "https://www.googleapis.com/compute/v1/projects/sgs-playvox/global/networks/default",
    "privateIpGoogleAccess": false,
    "privateIpv6GoogleAccess": "DISABLE_GOOGLE_ACCESS",
    "purpose": "PRIVATE",
    "region": "https://www.googleapis.com/compute/v1/projects/sgs-playvox/regions/europe-west4",
    "selfLink": "https://www.googleapis.com/compute/v1/projects/sgs-playvox/regions/europe-west4/subnetworks/default",
    "stackType": "IPV4_ONLY"
  },
  {
    "creationTimestamp": "2023-06-26T09:39:17.368-07:00",
    "fingerprint": "vgPjlISO6Vo=",
    "gatewayAddress": "10.166.0.1",
    "id": "5654346837972484570",
    "ipCidrRange": "10.166.0.0/20",
    "kind": "compute#subnetwork",
    "name": "default",
    "network": "https://www.googleapis.com/compute/v1/projects/sgs-playvox/global/networks/default",
    "privateIpGoogleAccess": false,
    "privateIpv6GoogleAccess": "DISABLE_GOOGLE_ACCESS",
    "purpose": "PRIVATE",
    "region": "https://www.googleapis.com/compute/v1/projects/sgs-playvox/regions/europe-north1",
    "selfLink": "https://www.googleapis.com/compute/v1/projects/sgs-playvox/regions/europe-north1/subnetworks/default",
    "stackType": "IPV4_ONLY"
  },
  {
    "creationTimestamp": "2023-06-26T09:39:16.817-07:00",
    "fingerprint": "9S5Yr2Me89k=",
    "gatewayAddress": "10.168.0.1",
    "id": "5815501239348363739",
    "ipCidrRange": "10.168.0.0/20",
    "kind": "compute#subnetwork",
    "name": "default",
    "network": "https://www.googleapis.com/compute/v1/projects/sgs-playvox/global/networks/default",
    "privateIpGoogleAccess": false,
    "privateIpv6GoogleAccess": "DISABLE_GOOGLE_ACCESS",
    "purpose": "PRIVATE",
    "region": "https://www.googleapis.com/compute/v1/projects/sgs-playvox/regions/us-west2",
    "selfLink": "https://www.googleapis.com/compute/v1/projects/sgs-playvox/regions/us-west2/subnetworks/default",
    "stackType": "IPV4_ONLY"
  },
  {
    "creationTimestamp": "2023-06-26T09:39:17.522-07:00",
    "fingerprint": "6WCKirJY6YI=",
    "gatewayAddress": "10.170.0.1",
    "id": "3626109765785223642",
    "ipCidrRange": "10.170.0.0/20",
    "kind": "compute#subnetwork",
    "name": "default",
    "network": "https://www.googleapis.com/compute/v1/projects/sgs-playvox/global/networks/default",
    "privateIpGoogleAccess": false,
    "privateIpv6GoogleAccess": "DISABLE_GOOGLE_ACCESS",
    "purpose": "PRIVATE",
    "region": "https://www.googleapis.com/compute/v1/projects/sgs-playvox/regions/asia-east2",
    "selfLink": "https://www.googleapis.com/compute/v1/projects/sgs-playvox/regions/asia-east2/subnetworks/default",
    "stackType": "IPV4_ONLY"
  },
  {
    "creationTimestamp": "2023-06-26T09:39:17.125-07:00",
    "fingerprint": "N_FQdV57qFY=",
    "gatewayAddress": "10.172.0.1",
    "id": "3957151233482162650",
    "ipCidrRange": "10.172.0.0/20",
    "kind": "compute#subnetwork",
    "name": "default",
    "network": "https://www.googleapis.com/compute/v1/projects/sgs-playvox/global/networks/default",
    "privateIpGoogleAccess": false,
    "privateIpv6GoogleAccess": "DISABLE_GOOGLE_ACCESS",
    "purpose": "PRIVATE",
    "region": "https://www.googleapis.com/compute/v1/projects/sgs-playvox/regions/europe-west6",
    "selfLink": "https://www.googleapis.com/compute/v1/projects/sgs-playvox/regions/europe-west6/subnetworks/default",
    "stackType": "IPV4_ONLY"
  },
  {
    "creationTimestamp": "2023-06-26T09:39:17.321-07:00",
    "fingerprint": "oderWg_opzI=",
    "gatewayAddress": "10.174.0.1",
    "id": "3595780648066089434",
    "ipCidrRange": "10.174.0.0/20",
    "kind": "compute#subnetwork",
    "name": "default",
    "network": "https://www.googleapis.com/compute/v1/projects/sgs-playvox/global/networks/default",
    "privateIpGoogleAccess": false,
    "privateIpv6GoogleAccess": "DISABLE_GOOGLE_ACCESS",
    "purpose": "PRIVATE",
    "region": "https://www.googleapis.com/compute/v1/projects/sgs-playvox/regions/asia-northeast2",
    "selfLink": "https://www.googleapis.com/compute/v1/projects/sgs-playvox/regions/asia-northeast2/subnetworks/default",
    "stackType": "IPV4_ONLY"
  },
  {
    "creationTimestamp": "2023-06-26T09:39:17.518-07:00",
    "fingerprint": "TMHp3iA0ZCY=",
    "gatewayAddress": "10.178.0.1",
    "id": "3000963304323809754",
    "ipCidrRange": "10.178.0.0/20",
    "kind": "compute#subnetwork",
    "name": "default",
    "network": "https://www.googleapis.com/compute/v1/projects/sgs-playvox/global/networks/default",
    "privateIpGoogleAccess": false,
    "privateIpv6GoogleAccess": "DISABLE_GOOGLE_ACCESS",
    "purpose": "PRIVATE",
    "region": "https://www.googleapis.com/compute/v1/projects/sgs-playvox/regions/asia-northeast3",
    "selfLink": "https://www.googleapis.com/compute/v1/projects/sgs-playvox/regions/asia-northeast3/subnetworks/default",
    "stackType": "IPV4_ONLY"
  },
  {
    "creationTimestamp": "2023-06-26T09:39:16.478-07:00",
    "fingerprint": "99aEaQMFGTM=",
    "gatewayAddress": "10.180.0.1",
    "id": "7898081420335383003",
    "ipCidrRange": "10.180.0.0/20",
    "kind": "compute#subnetwork",
    "name": "default",
    "network": "https://www.googleapis.com/compute/v1/projects/sgs-playvox/global/networks/default",
    "privateIpGoogleAccess": false,
    "privateIpv6GoogleAccess": "DISABLE_GOOGLE_ACCESS",
    "purpose": "PRIVATE",
    "region": "https://www.googleapis.com/compute/v1/projects/sgs-playvox/regions/us-west3",
    "selfLink": "https://www.googleapis.com/compute/v1/projects/sgs-playvox/regions/us-west3/subnetworks/default",
    "stackType": "IPV4_ONLY"
  },
  {
    "creationTimestamp": "2023-06-26T09:39:16.767-07:00",
    "fingerprint": "auIzMTiS1ZI=",
    "gatewayAddress": "10.182.0.1",
    "id": "8070408238533968347",
    "ipCidrRange": "10.182.0.0/20",
    "kind": "compute#subnetwork",
    "name": "default",
    "network": "https://www.googleapis.com/compute/v1/projects/sgs-playvox/global/networks/default",
    "privateIpGoogleAccess": false,
    "privateIpv6GoogleAccess": "DISABLE_GOOGLE_ACCESS",
    "purpose": "PRIVATE",
    "region": "https://www.googleapis.com/compute/v1/projects/sgs-playvox/regions/us-west4",
    "selfLink": "https://www.googleapis.com/compute/v1/projects/sgs-playvox/regions/us-west4/subnetworks/default",
    "stackType": "IPV4_ONLY"
  },
  {
    "creationTimestamp": "2023-06-26T09:39:17.998-07:00",
    "fingerprint": "qSUTuITN_UQ=",
    "gatewayAddress": "10.184.0.1",
    "id": "6873603253472592346",
    "ipCidrRange": "10.184.0.0/20",
    "kind": "compute#subnetwork",
    "name": "default",
    "network": "https://www.googleapis.com/compute/v1/projects/sgs-playvox/global/networks/default",
    "privateIpGoogleAccess": false,
    "privateIpv6GoogleAccess": "DISABLE_GOOGLE_ACCESS",
    "purpose": "PRIVATE",
    "region": "https://www.googleapis.com/compute/v1/projects/sgs-playvox/regions/asia-southeast2",
    "selfLink": "https://www.googleapis.com/compute/v1/projects/sgs-playvox/regions/asia-southeast2/subnetworks/default",
    "stackType": "IPV4_ONLY"
  },
  {
    "creationTimestamp": "2023-06-26T09:39:17.168-07:00",
    "fingerprint": "ISK4ZYVSq64=",
    "gatewayAddress": "10.186.0.1",
    "id": "187958788588044762",
    "ipCidrRange": "10.186.0.0/20",
    "kind": "compute#subnetwork",
    "name": "default",
    "network": "https://www.googleapis.com/compute/v1/projects/sgs-playvox/global/networks/default",
    "privateIpGoogleAccess": false,
    "privateIpv6GoogleAccess": "DISABLE_GOOGLE_ACCESS",
    "purpose": "PRIVATE",
    "region": "https://www.googleapis.com/compute/v1/projects/sgs-playvox/regions/europe-central2",
    "selfLink": "https://www.googleapis.com/compute/v1/projects/sgs-playvox/regions/europe-central2/subnetworks/default",
    "stackType": "IPV4_ONLY"
  },
  {
    "creationTimestamp": "2023-06-26T09:39:16.524-07:00",
    "fingerprint": "g2_S2BH5yco=",
    "gatewayAddress": "10.188.0.1",
    "id": "1348517153069072859",
    "ipCidrRange": "10.188.0.0/20",
    "kind": "compute#subnetwork",
    "name": "default",
    "network": "https://www.googleapis.com/compute/v1/projects/sgs-playvox/global/networks/default",
    "privateIpGoogleAccess": false,
    "privateIpv6GoogleAccess": "DISABLE_GOOGLE_ACCESS",
    "purpose": "PRIVATE",
    "region": "https://www.googleapis.com/compute/v1/projects/sgs-playvox/regions/northamerica-northeast2",
    "selfLink": "https://www.googleapis.com/compute/v1/projects/sgs-playvox/regions/northamerica-northeast2/subnetworks/default",
    "stackType": "IPV4_ONLY"
  },
  {
    "creationTimestamp": "2023-06-26T09:39:17.276-07:00",
    "fingerprint": "iRyAZRJs3vI=",
    "gatewayAddress": "10.190.0.1",
    "id": "2884530314342040026",
    "ipCidrRange": "10.190.0.0/20",
    "kind": "compute#subnetwork",
    "name": "default",
    "network": "https://www.googleapis.com/compute/v1/projects/sgs-playvox/global/networks/default",
    "privateIpGoogleAccess": false,
    "privateIpv6GoogleAccess": "DISABLE_GOOGLE_ACCESS",
    "purpose": "PRIVATE",
    "region": "https://www.googleapis.com/compute/v1/projects/sgs-playvox/regions/asia-south2",
    "selfLink": "https://www.googleapis.com/compute/v1/projects/sgs-playvox/regions/asia-south2/subnetworks/default",
    "stackType": "IPV4_ONLY"
  },
  {
    "creationTimestamp": "2023-06-26T09:39:17.924-07:00",
    "fingerprint": "xqJVH0NTg4Y=",
    "gatewayAddress": "10.192.0.1",
    "id": "1553009728671711706",
    "ipCidrRange": "10.192.0.0/20",
    "kind": "compute#subnetwork",
    "name": "default",
    "network": "https://www.googleapis.com/compute/v1/projects/sgs-playvox/global/networks/default",
    "privateIpGoogleAccess": false,
    "privateIpv6GoogleAccess": "DISABLE_GOOGLE_ACCESS",
    "purpose": "PRIVATE",
    "region": "https://www.googleapis.com/compute/v1/projects/sgs-playvox/regions/australia-southeast2",
    "selfLink": "https://www.googleapis.com/compute/v1/projects/sgs-playvox/regions/australia-southeast2/subnetworks/default",
    "stackType": "IPV4_ONLY"
  },
  {
    "creationTimestamp": "2023-06-26T09:39:18.142-07:00",
    "fingerprint": "tbyD5-zEVoc=",
    "gatewayAddress": "10.194.0.1",
    "id": "1994037461913960921",
    "ipCidrRange": "10.194.0.0/20",
    "kind": "compute#subnetwork",
    "name": "default",
    "network": "https://www.googleapis.com/compute/v1/projects/sgs-playvox/global/networks/default",
    "privateIpGoogleAccess": false,
    "privateIpv6GoogleAccess": "DISABLE_GOOGLE_ACCESS",
    "purpose": "PRIVATE",
    "region": "https://www.googleapis.com/compute/v1/projects/sgs-playvox/regions/southamerica-west1",
    "selfLink": "https://www.googleapis.com/compute/v1/projects/sgs-playvox/regions/southamerica-west1/subnetworks/default",
    "stackType": "IPV4_ONLY"
  },
  {
    "creationTimestamp": "2023-06-26T10:41:25.383-07:00",
    "fingerprint": "RmFrS14nXmA=",
    "gatewayAddress": "10.196.0.1",
    "id": "760325032604103466",
    "ipCidrRange": "10.196.0.0/20",
    "kind": "compute#subnetwork",
    "name": "default",
    "network": "https://www.googleapis.com/compute/v1/projects/sgs-playvox/global/networks/default",
    "privateIpGoogleAccess": false,
    "purpose": "PRIVATE",
    "region": "https://www.googleapis.com/compute/v1/projects/sgs-playvox/regions/us-east7",
    "selfLink": "https://www.googleapis.com/compute/v1/projects/sgs-playvox/regions/us-east7/subnetworks/default",
    "stackType": "IPV4_ONLY"
  },
  {
    "creationTimestamp": "2023-06-26T09:39:17.155-07:00",
    "fingerprint": "ouEDi4hkAjk=",
    "gatewayAddress": "10.198.0.1",
    "id": "8024260593054908890",
    "ipCidrRange": "10.198.0.0/20",
    "kind": "compute#subnetwork",
    "name": "default",
    "network": "https://www.googleapis.com/compute/v1/projects/sgs-playvox/global/networks/default",
    "privateIpGoogleAccess": false,
    "privateIpv6GoogleAccess": "DISABLE_GOOGLE_ACCESS",
    "purpose": "PRIVATE",
    "region": "https://www.googleapis.com/compute/v1/projects/sgs-playvox/regions/europe-west8",
    "selfLink": "https://www.googleapis.com/compute/v1/projects/sgs-playvox/regions/europe-west8/subnetworks/default",
    "stackType": "IPV4_ONLY"
  },
  {
    "creationTimestamp": "2023-06-26T09:39:16.992-07:00",
    "fingerprint": "26c1YmtFAEw=",
    "gatewayAddress": "10.200.0.1",
    "id": "7698630719726420443",
    "ipCidrRange": "10.200.0.0/20",
    "kind": "compute#subnetwork",
    "name": "default",
    "network": "https://www.googleapis.com/compute/v1/projects/sgs-playvox/global/networks/default",
    "privateIpGoogleAccess": false,
    "privateIpv6GoogleAccess": "DISABLE_GOOGLE_ACCESS",
    "purpose": "PRIVATE",
    "region": "https://www.googleapis.com/compute/v1/projects/sgs-playvox/regions/europe-west9",
    "selfLink": "https://www.googleapis.com/compute/v1/projects/sgs-playvox/regions/europe-west9/subnetworks/default",
    "stackType": "IPV4_ONLY"
  },
  {
    "creationTimestamp": "2023-06-26T09:39:16.455-07:00",
    "fingerprint": "jicn-jUxtPQ=",
    "gatewayAddress": "10.202.0.1",
    "id": "3974807264215433691",
    "ipCidrRange": "10.202.0.0/20",
    "kind": "compute#subnetwork",
    "name": "default",
    "network": "https://www.googleapis.com/compute/v1/projects/sgs-playvox/global/networks/default",
    "privateIpGoogleAccess": false,
    "privateIpv6GoogleAccess": "DISABLE_GOOGLE_ACCESS",
    "purpose": "PRIVATE",
    "region": "https://www.googleapis.com/compute/v1/projects/sgs-playvox/regions/us-east5",
    "selfLink": "https://www.googleapis.com/compute/v1/projects/sgs-playvox/regions/us-east5/subnetworks/default",
    "stackType": "IPV4_ONLY"
  },
  {
    "creationTimestamp": "2023-06-26T09:39:17.006-07:00",
    "fingerprint": "O9usJthHsVk=",
    "gatewayAddress": "10.204.0.1",
    "id": "7702582471890829786",
    "ipCidrRange": "10.204.0.0/20",
    "kind": "compute#subnetwork",
    "name": "default",
    "network": "https://www.googleapis.com/compute/v1/projects/sgs-playvox/global/networks/default",
    "privateIpGoogleAccess": false,
    "privateIpv6GoogleAccess": "DISABLE_GOOGLE_ACCESS",
    "purpose": "PRIVATE",
    "region": "https://www.googleapis.com/compute/v1/projects/sgs-playvox/regions/europe-southwest1",
    "selfLink": "https://www.googleapis.com/compute/v1/projects/sgs-playvox/regions/europe-southwest1/subnetworks/default",
    "stackType": "IPV4_ONLY"
  },
  {
    "creationTimestamp": "2023-06-26T09:39:16.344-07:00",
    "fingerprint": "dknCaY30OFQ=",
    "gatewayAddress": "10.206.0.1",
    "id": "7068453962503160283",
    "ipCidrRange": "10.206.0.0/20",
    "kind": "compute#subnetwork",
    "name": "default",
    "network": "https://www.googleapis.com/compute/v1/projects/sgs-playvox/global/networks/default",
    "privateIpGoogleAccess": false,
    "privateIpv6GoogleAccess": "DISABLE_GOOGLE_ACCESS",
    "purpose": "PRIVATE",
    "region": "https://www.googleapis.com/compute/v1/projects/sgs-playvox/regions/us-south1",
    "selfLink": "https://www.googleapis.com/compute/v1/projects/sgs-playvox/regions/us-south1/subnetworks/default",
    "stackType": "IPV4_ONLY"
  },
  {
    "creationTimestamp": "2023-06-26T09:39:17.359-07:00",
    "fingerprint": "mKJBG9LYPCU=",
    "gatewayAddress": "10.208.0.1",
    "id": "7848633801158951386",
    "ipCidrRange": "10.208.0.0/20",
    "kind": "compute#subnetwork",
    "name": "default",
    "network": "https://www.googleapis.com/compute/v1/projects/sgs-playvox/global/networks/default",
    "privateIpGoogleAccess": false,
    "privateIpv6GoogleAccess": "DISABLE_GOOGLE_ACCESS",
    "purpose": "PRIVATE",
    "region": "https://www.googleapis.com/compute/v1/projects/sgs-playvox/regions/me-west1",
    "selfLink": "https://www.googleapis.com/compute/v1/projects/sgs-playvox/regions/me-west1/subnetworks/default",
    "stackType": "IPV4_ONLY"
  },
  {
    "creationTimestamp": "2023-06-26T09:39:17.151-07:00",
    "fingerprint": "FFt7WLctBBs=",
    "gatewayAddress": "10.210.0.1",
    "id": "8293885840895246810",
    "ipCidrRange": "10.210.0.0/20",
    "kind": "compute#subnetwork",
    "name": "default",
    "network": "https://www.googleapis.com/compute/v1/projects/sgs-playvox/global/networks/default",
    "privateIpGoogleAccess": false,
    "privateIpv6GoogleAccess": "DISABLE_GOOGLE_ACCESS",
    "purpose": "PRIVATE",
    "region": "https://www.googleapis.com/compute/v1/projects/sgs-playvox/regions/europe-west12",
    "selfLink": "https://www.googleapis.com/compute/v1/projects/sgs-playvox/regions/europe-west12/subnetworks/default",
    "stackType": "IPV4_ONLY"
  },
  {
    "creationTimestamp": "2023-06-26T09:39:17.881-07:00",
    "fingerprint": "S5GPcKLMR3A=",
    "gatewayAddress": "10.212.0.1",
    "id": "6893184524771131866",
    "ipCidrRange": "10.212.0.0/20",
    "kind": "compute#subnetwork",
    "name": "default",
    "network": "https://www.googleapis.com/compute/v1/projects/sgs-playvox/global/networks/default",
    "privateIpGoogleAccess": false,
    "privateIpv6GoogleAccess": "DISABLE_GOOGLE_ACCESS",
    "purpose": "PRIVATE",
    "region": "https://www.googleapis.com/compute/v1/projects/sgs-playvox/regions/me-central1",
    "selfLink": "https://www.googleapis.com/compute/v1/projects/sgs-playvox/regions/me-central1/subnetworks/default",
    "stackType": "IPV4_ONLY"
  },
  {
    "creationTimestamp": "2023-06-30T02:04:05.329-07:00",
    "fingerprint": "KTKO1XNrnpQ=",
    "gatewayAddress": "10.214.0.1",
    "id": "9202246852491289706",
    "ipCidrRange": "10.214.0.0/20",
    "kind": "compute#subnetwork",
    "name": "default",
    "network": "https://www.googleapis.com/compute/v1/projects/sgs-playvox/global/networks/default",
    "privateIpGoogleAccess": false,
    "purpose": "PRIVATE",
    "region": "https://www.googleapis.com/compute/v1/projects/sgs-playvox/regions/europe-west10",
    "selfLink": "https://www.googleapis.com/compute/v1/projects/sgs-playvox/regions/europe-west10/subnetworks/default",
    "stackType": "IPV4_ONLY"
  },
  {
    "creationTimestamp": "2023-09-16T10:50:01.013-07:00",
    "fingerprint": "wfc5Jea4grQ=",
    "gatewayAddress": "10.216.0.1",
    "id": "4768488354065437734",
    "ipCidrRange": "10.216.0.0/20",
    "kind": "compute#subnetwork",
    "name": "default",
    "network": "https://www.googleapis.com/compute/v1/projects/sgs-playvox/global/networks/default",
    "privateIpGoogleAccess": false,
    "purpose": "PRIVATE",
    "region": "https://www.googleapis.com/compute/v1/projects/sgs-playvox/regions/me-central2",
    "selfLink": "https://www.googleapis.com/compute/v1/projects/sgs-playvox/regions/me-central2/subnetworks/default",
    "stackType": "IPV4_ONLY"
  },
  {
    "creationTimestamp": "2023-10-22T12:09:22.510-07:00",
    "fingerprint": "EuW5SeeQgH8=",
    "gatewayAddress": "10.218.0.1",
    "id": "9000048867484945805",
    "ipCidrRange": "10.218.0.0/20",
    "kind": "compute#subnetwork",
    "name": "default",
    "network": "https://www.googleapis.com/compute/v1/projects/sgs-playvox/global/networks/default",
    "privateIpGoogleAccess": false,
    "purpose": "PRIVATE",
    "region": "https://www.googleapis.com/compute/v1/projects/sgs-playvox/regions/africa-south1",
    "selfLink": "https://www.googleapis.com/compute/v1/projects/sgs-playvox/regions/africa-south1/subnetworks/default",
    "stackType": "IPV4_ONLY"
  },
  {
    "creationTimestamp": "2023-11-11T16:11:54.861-08:00",
    "fingerprint": "p5SQ01ug_4U=",
    "gatewayAddress": "10.220.0.1",
    "id": "185662072036370085",
    "ipCidrRange": "10.220.0.0/20",
    "kind": "compute#subnetwork",
    "name": "default",
    "network": "https://www.googleapis.com/compute/v1/projects/sgs-playvox/global/networks/default",
    "privateIpGoogleAccess": false,
    "purpose": "PRIVATE",
    "region": "https://www.googleapis.com/compute/v1/projects/sgs-playvox/regions/us-west8",
    "selfLink": "https://www.googleapis.com/compute/v1/projects/sgs-playvox/regions/us-west8/subnetworks/default",
    "stackType": "IPV4_ONLY"
  },
  {
    "creationTimestamp": "2024-08-26T14:28:12.406-07:00",
    "fingerprint": "viyT27BFldU=",
    "gatewayAddress": "10.224.0.1",
    "id": "858276855589981571",
    "ipCidrRange": "10.224.0.0/20",
    "kind": "compute#subnetwork",
    "name": "default",
    "network": "https://www.googleapis.com/compute/v1/projects/sgs-playvox/global/networks/default",
    "privateIpGoogleAccess": false,
    "purpose": "PRIVATE",
    "region": "https://www.googleapis.com/compute/v1/projects/sgs-playvox/regions/northamerica-south1",
    "selfLink": "https://www.googleapis.com/compute/v1/projects/sgs-playvox/regions/northamerica-south1/subnetworks/default",
    "stackType": "IPV4_ONLY"
  },
  {
    "creationTimestamp": "2024-10-18T16:48:44.546-07:00",
    "fingerprint": "f3Iqs-Xh5tw=",
    "gatewayAddress": "10.226.0.1",
    "id": "6523907557390503219",
    "ipCidrRange": "10.226.0.0/20",
    "kind": "compute#subnetwork",
    "name": "default",
    "network": "https://www.googleapis.com/compute/v1/projects/sgs-playvox/global/networks/default",
    "privateIpGoogleAccess": false,
    "purpose": "PRIVATE",
    "region": "https://www.googleapis.com/compute/v1/projects/sgs-playvox/regions/europe-north2",
    "selfLink": "https://www.googleapis.com/compute/v1/projects/sgs-playvox/regions/europe-north2/subnetworks/default",
    "stackType": "IPV4_ONLY"
  }
]
