[
  {
    "autoCreateSubnetworks": true,
    "creationTimestamp": "2023-06-26T09:39:08.339-07:00",
    "description": "Default network for the project",
    "id": "1418758358192882115",
    "kind": "compute#network",
    "name": "default",
    "networkFirewallPolicyEnforcementOrder": "AFTER_CLASSIC_FIREWALL",
    "routingConfig": {
      "bgpBestPathSelectionMode": "LEGACY",
      "routingMode": "REGIONAL"
    },
    "selfLink": "https://www.googleapis.com/compute/v1/projects/sgs-playvox/global/networks/default",
    "selfLinkWithId": "https://www.googleapis.com/compute/v1/projects/sgs-playvox/global/networks/1418758358192882115",
    "subnetworks": [
      "https://www.googleapis.com/compute/v1/projects/sgs-playvox/regions/europe-west2/subnetworks/default",
      "https://www.googleapis.com/compute/v1/projects/sgs-playvox/regions/europe-west1/subnetworks/default",
      "https://www.googleapis.com/compute/v1/projects/sgs-playvox/regions/me-west1/subnetworks/default",
      "https://www.googleapis.com/compute/v1/projects/sgs-playvox/regions/europe-west12/subnetworks/default",
      "https://www.googleapis.com/compute/v1/projects/sgs-playvox/regions/europe-north1/subnetworks/default",
      "https://www.googleapis.com/compute/v1/projects/sgs-playvox/regions/us-west4/subnetworks/default",
      "https://www.googleapis.com/compute/v1/projects/sgs-playvox/regions/asia-south1/subnetworks/default",
      "https://www.googleapis.com/compute/v1/projects/sgs-playvox/regions/northamerica-northeast1/subnetworks/default",
      "https://www.googleapis.com/compute/v1/projects/sgs-playvox/regions/us-west1/subnetworks/default",
      "https://www.googleapis.com/compute/v1/projects/sgs-playvox/regions/us-central1/subnetworks/default",
      "https://www.googleapis.com/compute/v1/projects/sgs-playvox/regions/me-central2/subnetworks/default",
      "https://www.googleapis.com/compute/v1/projects/sgs-playvox/regions/northamerica-south1/subnetworks/default",
      "https://www.googleapis.com/compute/v1/projects/sgs-playvox/regions/europe-north2/subnetworks/default",
      "https://www.googleapis.com/compute/v1/projects/sgs-playvox/regions/us-west3/subnetworks/default",
      "https://www.googleapis.com/compute/v1/projects/sgs-playvox/regions/us-east5/subnetworks/default",
      "https://www.googleapis.com/compute/v1/projects/sgs-playvox/regions/southamerica-west1/subnetworks/default",
      "https://www.googleapis.com/compute/v1/projects/sgs-playvox/regions/asia-east2/subnetworks/default",
      "https://www.googleapis.com/compute/v1/projects/sgs-playvox/regions/africa-south1/subnetworks/default",
      "https://www.googleapis.com/compute/v1/projects/sgs-playvox/regions/europe-west3/subnetworks/default",
      "https://www.googleapis.com/compute/v1/projects/sgs-playvox/regions/southamerica-east1/subnetworks/default",
      "https://www.googleapis.com/compute/v1/projects/sgs-playvox/regions/asia-south2/subnetworks/default",
      "https://www.googleapis.com/compute/v1/projects/sgs-playvox/regions/us-west2/subnetworks/default",
      "https://www.googleapis.com/compute/v1/projects/sgs-playvox/regions/asia-northeast3/subnetworks/default",
      "https://www.googleapis.com/compute/v1/projects/sgs-playvox/regions/us-west8/subnetworks/default",
      "https://www.googleapis.com/compute/v1/projects/sgs-playvox/regions/asia-southeast1/subnetworks/default",
      "https://www.googleapis.com/compute/v1/projects/sgs-playvox/regions/australia-southeast1/subnetworks/default",
      "https://www.googleapis.com/compute/v1/projects/sgs-playvox/regions/asia-northeast2/subnetworks/default",
      "https://www.googleapis.com/compute/v1/projects/sgs-playvox/regions/me-central1/subnetworks/default",
      "https://www.googleapis.com/compute/v1/projects/sgs-playvox/regions/europe-west9/subnetworks/default",
      "https://www.googleapis.com/compute/v1/projects/sgs-playvox/regions/australia-southeast2/subnetworks/default",
      "https://www.googleapis.com/compute/v1/projects/sgs-playvox/regions/asia-northeast1/subnetworks/default",
      "https://www.googleapis.com/compute/v1/projects/sgs-playvox/regions/asia-east1/subnetworks/default",
      "https://www.googleapis.com/compute/v1/projects/sgs-playvox/regions/us-east4/subnetworks/default",
      "https://www.googleapis.com/compute/v1/projects/sgs-playvox/regions/us-south1/subnetworks/default",
      "https://www.googleapis.com/compute/v1/projects/sgs-playvox/regions/europe-central2/subnetworks/default",
      "https://www.googleapis.com/compute/v1/projects/sgs-playvox/regions/europe-west8/subnetworks/default",
      "https://www.googleapis.com/compute/v1/projects/sgs-playvox/regions/europe-west10/subnetworks/default",
      "https://www.googleapis.com/compute/v1/projects/sgs-playvox/regions/asia-southeast2/subnetworks/default",
      "https://www.googleapis.com/compute/v1/projects/sgs-playvox/regions/europe-southwest1/subnetworks/default",
      "https://www.googleapis.com/compute/v1/projects/sgs-playvox/regions/europe-west6/subnetworks/default",
      "https://www.googleapis.com/compute/v1/projects/sgs-playvox/regions/us-east7/subnetworks/default",
      "https://www.googleapis.com/compute/v1/projects/sgs-playvox/regions/europe-west4/subnetworks/default",
      "https://www.googleapis.com/compute/v1/projects/sgs-playvox/regions/northamerica-northeast2/subnetworks/default",
      "https://www.googleapis.com/compute/v1/projects/sgs-playvox/regions/us-east1/subnetworks/default"
    ],
    "x_gcloud_bgp_routing_mode": "REGIONAL",
    "x_gcloud_subnet_mode": "AUTO"
  }
]
